[{"id":"afbc307a.f9497","type":"tab","label":"Mqtt ESP32","disabled":false,"info":""},{"id":"d80f5e.13bcc8a","type":"mqtt in","z":"afbc307a.f9497","name":"Humidity","topic":"room/humidity","qos":"2","datatype":"auto","broker":"85abbd1.805f24","x":260,"y":300,"wires":[["4a53e43e.e63ffc"]]},{"id":"e3d1b330.97c9c","type":"mqtt out","z":"afbc307a.f9497","name":"Lamp","topic":"room/lamp","qos":"2","retain":"","broker":"85abbd1.805f24","x":470,"y":140,"wires":[]},{"id":"4a53e43e.e63ffc","type":"ui_gauge","z":"afbc307a.f9497","name":"Humidity","group":"58449311.1bbf2c","order":2,"width":0,"height":0,"gtype":"gage","title":"Humidity","label":"units","format":"{{value}}","min":0,"max":"100","colors":["#00b500","#e6e600","#ca3838"],"seg1":"","seg2":"","x":480,"y":300,"wires":[]},{"id":"ed5685a0.90f9f","type":"ui_chart","z":"afbc307a.f9497","name":"Temperature","group":"58449311.1bbf2c","order":1,"width":0,"height":0,"label":"Temperature","chartType":"line","legend":"false","xformat":"HH:mm:ss","interpolate":"step","nodata":"","dot":false,"ymin":"0","ymax":"40","removeOlder":1,"removeOlderPoints":"","removeOlderUnit":"3600","cutout":0,"useOneColor":false,"useUTC":false,"colors":["#1f77b4","#aec7e8","#ff7f0e","#2ca02c","#98df8a","#d62728","#ff9896","#9467bd","#c5b0d5"],"useOldStyle":false,"outputs":1,"x":490,"y":220,"wires":[[]]},{"id":"10f9f08c.eb13a7","type":"mqtt in","z":"afbc307a.f9497","name":"Temperature","topic":"room/temperature","qos":"2","datatype":"auto","broker":"85abbd1.805f24","x":270,"y":220,"wires":[["ed5685a0.90f9f"]]},{"id":"89a3e0f4.c7f288","type":"ui_switch","z":"afbc307a.f9497","name":"Lamp","label":"Lamp","tooltip":"","group":"58449311.1bbf2c","order":0,"width":0,"height":0,"passthru":true,"decouple":"false","topic":"room/lamp","style":"","onvalue":"true","onvalueType":"bool","onicon":"","oncolor":"","offvalue":"false","offvalueType":"bool","officon":"","offcolor":"","x":250,"y":140,"wires":[["e3d1b330.97c9c"]]},{"id":"85abbd1.805f24","type":"mqtt-broker","name":"","broker":"localhost","port":"1883","clientid":"","usetls":false,"compatmode":false,"keepalive":"60","cleansession":true,"birthTopic":"","birthQos":"0","birthPayload":"","closeTopic":"","closeQos":"0","closePayload":"","willTopic":"","willQos":"0","willPayload":""},{"id":"58449311.1bbf2c","type":"ui_group","name":"Sensor","tab":"c1b23632.c917b8","order":1,"disp":true,"width":"6","collapse":false},{"id":"c1b23632.c917b8","type":"ui_tab","name":"Room","icon":"dashboard","order":1,"disabled":false,"hidden":false}]