[{"id":"c92ab3f3.1c71c","type":"tab","label":"Coap ESP32","disabled":false,"info":""},{"id":"f95f7f91.ddd57","type":"coap request","z":"c92ab3f3.1c71c","method":"GET","observe":false,"url":"coap://192.168.43.214/lightOn","content-format":"text/plain","raw-buffer":false,"name":"coap_client","x":510,"y":240,"wires":[["b73f1fb1.939b8"]]},{"id":"b73f1fb1.939b8","type":"debug","z":"c92ab3f3.1c71c","name":"","active":false,"tosidebar":true,"console":false,"tostatus":false,"complete":"false","statusVal":"","statusType":"auto","x":790,"y":240,"wires":[]},{"id":"af53cf04.43df3","type":"ui_button","z":"c92ab3f3.1c71c","name":"","group":"6ae4b8e4.29ac08","order":0,"width":0,"height":0,"passthru":false,"label":"ON","tooltip":"","color":"","bgcolor":"","icon":"","payload":"","payloadType":"str","topic":"lightOn","x":270,"y":240,"wires":[["f95f7f91.ddd57"]]},{"id":"e569a3a1.1c7ff","type":"coap request","z":"c92ab3f3.1c71c","method":"GET","observe":false,"url":"coap://192.168.43.214/lightOff","content-format":"text/plain","raw-buffer":false,"name":"coap_client","x":510,"y":340,"wires":[["c1e466bf.4ccdf8"]]},{"id":"c1e466bf.4ccdf8","type":"debug","z":"c92ab3f3.1c71c","name":"","active":false,"tosidebar":true,"console":false,"tostatus":false,"complete":"false","statusVal":"","statusType":"auto","x":790,"y":340,"wires":[]},{"id":"1606ec66.006f24","type":"ui_button","z":"c92ab3f3.1c71c","name":"","group":"6ae4b8e4.29ac08","order":0,"width":0,"height":0,"passthru":false,"label":"OFF","tooltip":"","color":"","bgcolor":"","icon":"","payload":"","payloadType":"str","topic":"ligthOff","x":270,"y":340,"wires":[["e569a3a1.1c7ff"]]},{"id":"e3c08caa.d8037","type":"coap in","z":"c92ab3f3.1c71c","method":"PUT","name":"coap_server","server":"1f243a72.bba6b6","url":"/temperature","x":270,"y":440,"wires":[["f46ce784.03a038","8f19214d.0e047"]],"outputLabels":["payload"]},{"id":"f46ce784.03a038","type":"debug","z":"c92ab3f3.1c71c","name":"","active":false,"tosidebar":true,"console":false,"tostatus":false,"complete":"req.payload","targetType":"msg","statusVal":"","statusType":"auto","x":480,"y":500,"wires":[]},{"id":"31a0ca18.390b46","type":"coap in","z":"c92ab3f3.1c71c","method":"PUT","name":"coap_server","server":"1f243a72.bba6b6","url":"/humidity","x":270,"y":620,"wires":[["9cd8b41d.92a0b8","5537934e.12ce1c"]],"outputLabels":["payload"]},{"id":"9cd8b41d.92a0b8","type":"debug","z":"c92ab3f3.1c71c","name":"","active":false,"tosidebar":true,"console":false,"tostatus":false,"complete":"req.payload","targetType":"msg","statusVal":"","statusType":"auto","x":460,"y":680,"wires":[]},{"id":"8f19214d.0e047","type":"function","z":"c92ab3f3.1c71c","name":"","func":"msg.payload = parseFloat(msg.req.payload);\nreturn msg;","outputs":1,"noerr":0,"initialize":"","finalize":"","x":500,"y":440,"wires":[["a8b1a75b.fffa48","dad25bfd.4c8108"]]},{"id":"a8b1a75b.fffa48","type":"debug","z":"c92ab3f3.1c71c","name":"","active":true,"tosidebar":true,"console":false,"tostatus":false,"complete":"false","statusVal":"","statusType":"auto","x":790,"y":440,"wires":[]},{"id":"dad25bfd.4c8108","type":"ui_gauge","z":"c92ab3f3.1c71c","name":"","group":"6ae4b8e4.29ac08","order":2,"width":0,"height":0,"gtype":"gage","title":"Temperature","label":"units","format":"{{value}}","min":0,"max":"50","colors":["#00b500","#e6e600","#ca3838"],"seg1":"","seg2":"","x":790,"y":500,"wires":[]},{"id":"5537934e.12ce1c","type":"function","z":"c92ab3f3.1c71c","name":"","func":"msg.payload = parseFloat(msg.req.payload);\nreturn msg;","outputs":1,"noerr":0,"initialize":"","finalize":"","x":460,"y":620,"wires":[["ab2223ab.92058","6c59ab25.2c7014"]]},{"id":"ab2223ab.92058","type":"debug","z":"c92ab3f3.1c71c","name":"","active":true,"tosidebar":true,"console":false,"tostatus":false,"complete":"false","statusVal":"","statusType":"auto","x":790,"y":620,"wires":[]},{"id":"6c59ab25.2c7014","type":"ui_gauge","z":"c92ab3f3.1c71c","name":"","group":"6ae4b8e4.29ac08","order":2,"width":0,"height":0,"gtype":"gage","title":"Humidité","label":"units","format":"{{value}}","min":0,"max":"300","colors":["#00b500","#e6e600","#ca3838"],"seg1":"","seg2":"","x":780,"y":680,"wires":[]},{"id":"6ae4b8e4.29ac08","type":"ui_group","name":"lamp","tab":"17e6a3ac.b0eadc","order":1,"disp":true,"width":"6","collapse":false},{"id":"1f243a72.bba6b6","type":"coap-server","name":"IoT CoAP Server","port":"5683"},{"id":"17e6a3ac.b0eadc","type":"ui_tab","name":"Room","icon":"dashboard","disabled":false,"hidden":false}]